-- Код для PostgreSQL

-- Создание таблицы Departments
CREATE TABLE Departments(
    id_department INT,
    department_name VARCHAR(100) NOT NULL,
    CONSTRAINT pk_departments_id PRIMARY KEY (id_department)
);

-- Создание таблицы Roles
CREATE TABLE Roles (
    id_role INT,
    role_name VARCHAR(100) NOT NULL,
    CONSTRAINT pk_roles_id PRIMARY KEY (id_role)
);

-- Создание таблицы Employees
CREATE TABLE Employees (
    id_employee INT,
    "name" VARCHAR(100) NOT NULL,
    "position" VARCHAR(100),
    id_manager INT,
    id_department INT,
    id_role INT,
    CONSTRAINT pk_employees_id PRIMARY KEY (id_employee),
    CONSTRAINT fk_id_manager FOREIGN KEY (id_manager) REFERENCES Employees(id_employee),
    CONSTRAINT fk_employees_id_department FOREIGN KEY (id_department) REFERENCES Departments(id_department),
    CONSTRAINT fk_id_role FOREIGN KEY (id_role) REFERENCES Roles(id_role)
);

-- Создание таблицы Projects
CREATE TABLE Projects (
    id_project INT,
    project_name VARCHAR(100) NOT NULL,
    start_date DATE,
    end_date DATE,
    id_department INT,
    CONSTRAINT pk_projects_id PRIMARY KEY (id_project),
    CONSTRAINT fk_projects_id_department FOREIGN KEY (id_department) REFERENCES Departments(id_department)
);

-- Создание таблицы Tasks
CREATE TABLE Tasks (
    id_task INT,
    task_name VARCHAR(100) NOT NULL,
    assigned_to INT,
    id_project INT,
    CONSTRAINT pk_tasks_id PRIMARY KEY (id_task),
    CONSTRAINT fk_assigned_to FOREIGN KEY (assigned_to) REFERENCES Employees(id_employee),
    CONSTRAINT fk_id_project FOREIGN KEY (id_project) REFERENCES Projects(id_project)
);

-- Вставка данных в таблицу Departments
INSERT INTO Departments (id_department, department_name) VALUES
(1, 'Отдел продаж'),
(2, 'Отдел маркетинга'),
(3, 'IT-отдел'),
(4, 'Отдел разработки'),
(5, 'Отдел поддержки');

-- Вставка данных в таблицу Roles
INSERT INTO Roles (id_role, role_name) VALUES
(1, 'Менеджер'),
(2, 'Директор'),
(3, 'Генеральный директор'),
(4, 'Разработчик'),
(5, 'Специалист по поддержке'),
(6, 'Маркетолог');

-- Вставка данных в таблицу Employees
INSERT INTO Employees (id_employee, "name", "position", id_manager, id_department, id_role) VALUES
(1, 'Иван Иванов', 'Генеральный директор', NULL, 1, 3),
(2, 'Петр Петров', 'Директор по продажам', 1, 1, 2),
(3, 'Светлана Светлова', 'Директор по маркетингу', 1, 2, 2),
(4, 'Алексей Алексеев', 'Менеджер по продажам', 2, 1, 1),
(5, 'Мария Мариева', 'Менеджер по маркетингу', 3, 2, 1),
(6, 'Андрей Андреев', 'Разработчик', 1, 4, 4),
(7, 'Елена Еленова', 'Специалист по поддержке', 1, 5, 5),
(8, 'Олег Олегов', 'Менеджер по продукту', 2, 1, 1),
(9, 'Татьяна Татеева', 'Маркетолог', 3, 2, 6),
(10, 'Николай Николаев', 'Разработчик', 6, 4, 4),
(11, 'Ирина Иринина', 'Разработчик', 6, 4, 4),
(12, 'Сергей Сергеев', 'Специалист по поддержке', 7, 5, 5),
(13, 'Кристина Кристинина', 'Менеджер по продажам', 4, 1, 1),
(14, 'Дмитрий Дмитриев', 'Маркетолог', 3, 2, 6),
(15, 'Виктор Викторов', 'Менеджер по продажам', 4, 1, 1),
(16, 'Анастасия Анастасиева', 'Специалист по поддержке', 7, 5, 5),
(17, 'Максим Максимов', 'Разработчик', 6, 4, 4),
(18, 'Людмила Людмилова', 'Специалист по маркетингу', 3, 2, 6),
(19, 'Наталья Натальева', 'Менеджер по продажам', 4, 1, 1),
(20, 'Александр Александров', 'Менеджер по маркетингу', 3, 2, 1),
(21, 'Галина Галина', 'Специалист по поддержке', 7, 5, 5),
(22, 'Павел Павлов', 'Разработчик', 6, 4, 4),
(23, 'Марина Маринина', 'Специалист по маркетингу', 3, 2, 6),
(24, 'Станислав Станиславов', 'Менеджер по продажам', 4, 1, 1),
(25, 'Екатерина Екатеринина', 'Специалист по поддержке', 7, 5, 5),
(26, 'Денис Денисов', 'Разработчик', 6, 4, 4),
(27, 'Ольга Ольгина', 'Маркетолог', 3, 2, 6),
(28, 'Игорь Игорев', 'Менеджер по продукту', 2, 1, 1),
(29, 'Анастасия Анастасиевна', 'Специалист по поддержке', 7, 5, 5),
(30, 'Валентин Валентинов', 'Разработчик', 6, 4, 4);

-- Вставка данных в таблицу Projects
INSERT INTO Projects (id_project, project_name, start_date, end_date, id_department) VALUES
(1, 'Проект A', '2025-01-01', '2025-12-31', 1),
(2, 'Проект B', '2025-02-01', '2025-11-30', 2),
(3, 'Проект C', '2025-03-01', '2025-10-31', 4),
(4, 'Проект D', '2025-04-01', '2025-09-30', 5),
(5, 'Проект E', '2025-05-01', '2025-08-31', 3);

-- Вставка данных в таблицу Tasks
INSERT INTO Tasks (id_task, task_name, assigned_to, id_project) VALUES
(1, 'Задача 1: Подготовка отчета по продажам', 4, 1),
(2, 'Задача 2: Анализ рынка', 9, 2),
(3, 'Задача 3: Разработка нового функционала', 10, 3),
(4, 'Задача 4: Поддержка клиентов', 12, 4),
(5, 'Задача 5: Создание рекламной кампании', 5, 2),
(6, 'Задача 6: Обновление документации', 6, 3),
(7, 'Задача 7: Проведение тренинга для сотрудников', 8, 1),
(8, 'Задача 8: Тестирование нового продукта', 11, 3),
(9, 'Задача 9: Ответы на запросы клиентов', 12, 4),
(10, 'Задача 10: Подготовка маркетинговых материалов', 9, 2),
(11, 'Задача 11: Интеграция с новым API', 10, 3),
(12, 'Задача 12: Настройка системы поддержки', 7, 5),
(13, 'Задача 13: Проведение анализа конкурентов', 9, 2),
(14, 'Задача 14: Создание презентации для клиентов', 4, 1),
(15, 'Задача 15: Обновление сайта', 6, 3);